"Txhash","Blockno","UnixTimestamp","DateTime","From","To","ContractAddress","Value_IN(ETH)","Value_OUT(ETH)","CurrentValue @ $2939.29/Eth","TxnFee(ETH)","TxnFee(USD)","Historical $Price/Eth","Status","ErrCode","Method"
"0x3f2da12639debcd5167ede65ef801b7f2fbc844cd190cf7d3c1fb172c6f00968","14500983","1648824075","2022-04-01 14:41:15","0x318b20c4df1ea62072b4d412681063fa7a6969c1","0xf92cd566ea4864356c5491c177a430c222d7e678","","0","0","0","0.023269647230385852","68.3962414078008","3455.72","","","Submit VAA",""
"0x09d36acd5125520709e88ecc7e5e53dbc69b8adceb9362cddbfaed5120e966f7","14503500","1648858082","2022-04-02 00:08:02","0xc38bf7ea48152fb50b570b05ab47442135287641","0xf92cd566ea4864356c5491c177a430c222d7e678","","0","0","0","0.004383616651366638","12.8847205871954","3444.68","","","Lock Assets",""
"0x7ad3412b584bd3e770c62108146a0af2a9e2f05c020a8a43f3741738f14f84be","14503510","1648858209","2022-04-02 00:10:09","0x47cf25a3c2b7f916f4818e5d9da5155c70d11e4c","0xf92cd566ea4864356c5491c177a430c222d7e678","","0","0","0","0.003355822548218784","9.86373565775399","3444.68","","","Lock Assets",""
"0xdefe6778167863eb511e35922cd379e14a7fe7e8fd4d6ee2cb8ce2b6f7bc60d5","14507186","1648908782","2022-04-02 14:13:02","0xe7207afc5cd57625b88e2ddbc4fe9de794a76b0f","0xf92cd566ea4864356c5491c177a430c222d7e678","","0","0","0","0.003240639871688322","9.52518036845477","3444.68","","","Lock Assets",""
"0x57f9542e0447d3a01426bf798fd7a86eebacd95cd96983b1b19ed815f1e87c5c","14507217","1648909123","2022-04-02 14:18:43","0xe7207afc5cd57625b88e2ddbc4fe9de794a76b0f","0xf92cd566ea4864356c5491c177a430c222d7e678","","0","0","0","0.00274750395366564","8.07571089596988","3444.68","","","Lock Assets",""
"0xf65683b1a3206088c12777f74b8bd500a5eefd3e05c20e5030e356d804340500","14508801","1648930432","2022-04-02 20:13:52","0x505d416cc681a5c9a72b8de33e943e8be2c26510","0xf92cd566ea4864356c5491c177a430c222d7e678","","0","0","0","0.002401310733593472","7.05814862614396","3444.68","","","Lock Assets",""
"0x6ab0f4f1d8581c54d09f5c5943e471e7cd0accd03dd01726231c251fbd817f88","14519756","1649078280","2022-04-04 13:18:00","0xe7207afc5cd57625b88e2ddbc4fe9de794a76b0f","0xf92cd566ea4864356c5491c177a430c222d7e678","","0","0","0","0.004515910145944056","13.2735695328719","3520.15","","","Lock Assets",""
"0x556419f9f5064e797d780805f5cfd50524f4a06364eb881fb69eed41ed176455","14519775","1649078568","2022-04-04 13:22:48","0xe7207afc5cd57625b88e2ddbc4fe9de794a76b0f","0xf92cd566ea4864356c5491c177a430c222d7e678","","0","0","0","0.004472298869044686","13.1453833427944","3520.15","","","Lock Assets",""
"0xbf1d464ffaca4009142ca0e2e4bb8c0787bebb59ec5cb5111162b6b62e3236b2","14519807","1649079015","2022-04-04 13:30:15","0xe7207afc5cd57625b88e2ddbc4fe9de794a76b0f","0xf92cd566ea4864356c5491c177a430c222d7e678","","0","0","0","0.004391643980728902","12.9083152361167","3520.15","","","Lock Assets",""
"0x553b2cde5e2c8d8d79d7385702b40f1ff420fd3dbb2abfe45da727f5351d2031","14519982","1649081717","2022-04-04 14:15:17","0xe7207afc5cd57625b88e2ddbc4fe9de794a76b0f","0xf92cd566ea4864356c5491c177a430c222d7e678","","0","0","0","0.0053288504165889","15.6630367409756","3520.15","","","Lock Assets",""
"0x58d8b99ca5c8b5755f5c8e9618c4ce75cc1e3ff606033836d6f189fc01b6f81e","14561515","1649641665","2022-04-11 01:47:45","0x7cf92e7c43ef39070ad92b6fc2635675f5b193c2","0xf92cd566ea4864356c5491c177a430c222d7e678","","0","0","0","0.001696857922245008","4.98755752227553","2979.52","","","Lock Assets",""
"0x8b10af5973de86e8f560d8028ec1d9a424754d58284abbb0fbebfe7ba022caa9","14561640","1649643215","2022-04-11 02:13:35","0x7cf92e7c43ef39070ad92b6fc2635675f5b193c2","0xf92cd566ea4864356c5491c177a430c222d7e678","","0","0","0","0.00558049595447897","16.4026959540405","2979.52","Error(0)","Out of gas","Submit VAA",""
"0x47070a71a4198c7cfa21e7577c8133e1257dd36db01a5d541b4e337a95632f9e","14561886","1649646549","2022-04-11 03:09:09","0x7cf92e7c43ef39070ad92b6fc2635675f5b193c2","0xf92cd566ea4864356c5491c177a430c222d7e678","","0","0","0","0.009793968975005628","28.7873150685443","2979.52","","","Submit VAA",""
"0x09ff4d06e6efc02e8ec2474377a0e2cda92529405ea387117139771f2da9e762","14566530","1649709027","2022-04-11 20:30:27","0xe7207afc5cd57625b88e2ddbc4fe9de794a76b0f","0xf92cd566ea4864356c5491c177a430c222d7e678","","0","0","0","0.004047161710336254","11.8957819435742","2979.52","","","Lock Assets",""
"0xf77977d764fc2842ec4bc250dbec0177ac9cbbe298df2d348be56526cf2a3d47","14566594","1649709827","2022-04-11 20:43:47","0xe7207afc5cd57625b88e2ddbc4fe9de794a76b0f","0xf92cd566ea4864356c5491c177a430c222d7e678","","0","0","0","0.003455075474634048","10.1554687918371","2979.52","","","Lock Assets",""
"0xa803f2e2151bdd1b789c3e794bf95ee09f050ba119982c8beb2ff1f7432ba882","14566669","1649711087","2022-04-11 21:04:47","0xe7207afc5cd57625b88e2ddbc4fe9de794a76b0f","0xf92cd566ea4864356c5491c177a430c222d7e678","","0","0","0","0.003744577334358186","11.0063987131057","2979.52","","","Lock Assets",""
"0x6ba089c9e3a2fe3086e2bbe0226bc177572b2b4d3ef4f711f362d0568be04f77","14593875","1650078583","2022-04-16 03:09:43","0x2098e959ef98d415bb0407b4b48234e407da5e76","0xf92cd566ea4864356c5491c177a430c222d7e678","","0","0","0","0.006307230074151556","18.5387782846529","3060.28","","","Submit VAA",""
"0x17051e021632f0b0ec2278824a296dc88449b779d72302c8a135f346c4d8c442","14598302","1650137838","2022-04-16 19:37:18","0x2098e959ef98d415bb0407b4b48234e407da5e76","0xf92cd566ea4864356c5491c177a430c222d7e678","","0","0","0","0.00141250968767748","4.15177559989354","3060.28","","","Lock Assets",""
"0x6be59a5fa0529d8fcbacd017cdd393e34fc009ae22f6e4affaf9ea2b5e0e4314","14598323","1650138119","2022-04-16 19:41:59","0xe7207afc5cd57625b88e2ddbc4fe9de794a76b0f","0xf92cd566ea4864356c5491c177a430c222d7e678","","0","0","0","0.001790192214446652","5.2618940740009","3060.28","","","Lock Assets",""
"0x692ae09f921ad9b2c607a7c059749282ef01a193c45698f323c7b5106b0897ab","14598456","1650139691","2022-04-16 20:08:11","0xe7207afc5cd57625b88e2ddbc4fe9de794a76b0f","0xf92cd566ea4864356c5491c177a430c222d7e678","","0","0","0","0.001164020992046412","3.4213952617121","3060.28","","","Lock Assets",""
"0xd132cf27624d51b7151fbbe239552fa536c00fbfd081446f7ad0379dea523ea5","14598498","1650140300","2022-04-16 20:18:20","0xe7207afc5cd57625b88e2ddbc4fe9de794a76b0f","0xf92cd566ea4864356c5491c177a430c222d7e678","","0","0","0","0.001509314041688682","4.43631166959513","3060.28","","","Lock Assets",""
"0xbe6924a9ddaed8d8d20873bb83531f6a9d3ec731c051d28ac9ad3836ca3cb6a4","14598528","1650140689","2022-04-16 20:24:49","0xe7207afc5cd57625b88e2ddbc4fe9de794a76b0f","0xf92cd566ea4864356c5491c177a430c222d7e678","","0","0","0","0.001531570007852874","4.50172840838187","3060.28","","","Lock Assets",""
"0x0a663d355f64801d86d9b7b0b92204eb00b88a3d6576938b34e77689e054fdfc","14606365","1650246930","2022-04-18 01:55:30","0xd377cffcc52c16bf6e9840e77f78f42ddb946568","0xf92cd566ea4864356c5491c177a430c222d7e678","","0","0","0","0.00121706255975808","3.57729981127133","3056.20","","","Lock Assets",""
"0x8d1fa140b4a9814ed018b25d038a465d0f32f2780e5cd4e4122848f5c9dbeca7","14630732","1650577046","2022-04-21 21:37:26","0xaccfa8c2128fc74f338358683b446811bfa08fae","0xf92cd566ea4864356c5491c177a430c222d7e678","","0","0","0","0.002189881989081215","6.43669823168652","2984.24","Error(0)","Reverted","Submit VAA",""
"0xc24008ba1595afb63c2c2a5c7d7439e21b5fcbfeece646e7b18874632d4b38b5","14630911","1650579737","2022-04-21 22:22:17","0xaccfa8c2128fc74f338358683b446811bfa08fae","0xf92cd566ea4864356c5491c177a430c222d7e678","","0","0","0","0.001609625078048585","4.73115489565742","2984.24","Error(0)","Reverted","Submit VAA",""
"0x7fb8996139d312dcdbcaa28478999e2f1960295cbf043c9e22aba797f505fc39","14633082","1650609128","2022-04-22 06:32:08","0xaccfa8c2128fc74f338358683b446811bfa08fae","0xf92cd566ea4864356c5491c177a430c222d7e678","","0","0","0","0.001179201974328521","3.46601657112408","2963.17","Error(0)","Reverted","Submit VAA",""
"0x7b110b470b575f16b3636b7181ca917c5321248744ab4ae171cf4308d3c9432c","14663630","1651023770","2022-04-27 01:42:50","0x318b20c4df1ea62072b4d412681063fa7a6969c1","0xf92cd566ea4864356c5491c177a430c222d7e678","","0","0","0","0.011786712942749866","34.6445674854953","2889.72","","","Submit VAA",""
"0x1c8a9620228958834c99d7c7096939116f04011c59f952cb877f0bb45b4115f6","14664155","1651030608","2022-04-27 03:36:48","0xc37fe99901e41c4bf49e5605a17984015873c1cb","0xf92cd566ea4864356c5491c177a430c222d7e678","","0","0","0","0.00256364904078189","7.5353079890798","2889.72","","","Lock Assets",""
"0x580641ccc02d4c3454c0dfcf29c12883906c505739fb8370f120389003622dc6","14665454","1651048617","2022-04-27 08:36:57","0x8cabd95efcd01349c34038b828ffccfee027a8a2","0xf92cd566ea4864356c5491c177a430c222d7e678","","0","0","0","0.001554266316901788","4.56843944260626","2889.72","","","Lock Assets",""
